YEAR,MONTH,DAY,HOUR,MINUTE,CAUSE,VALIDITY,FOCAL_DEPTH,PRIMARY_MAGNITUDE,REGION_CODE,COUNTRY,Contenient,LOCATION,LATITUDE,LONGITUDE,MAXIMUM_HEIGHT,MAGNITUDE_ABE,MAGNITUDE_IIDA,INTENSITY_SOLOVIEV,WARNING_STATUS,MISSING,MISSING_ESTIMATE,INJURIES,INJURY_ESTIMATE,FATALITIES,FATALITY_ESTIMATE,DAMAGE_MILLIONS_DOLLARS,DAMAGE_ESTIMATE,HOUSES_DAMAGED,HOUSE_DAMAGE_ESTIMATE,HOUSES_DESTROYED,HOUSE_DESTRUCTION_ESTIMATE,ALL_MISSING,MISSING_TOTAL,ALL_INJURIES,INJURY_TOTAL,ALL_FATALITIES,FATALITY_TOTAL,ALL_DAMAGE_MILLIONS,DAMAGE_TOTAL,ALL_HOUSES_DAMAGED,HOUSE_DAMAGE_TOTAL,ALL_HOUSES_DESTROYED,HOUSE_DESTRUCTION_TOTAL
2000,1,26,,,9,-1,0,,84,PHILIPPINES,Asia,"TAWI-TAWI, PHILIPPINES",5.1,120.15,20,,,,,,3,,,,,,3,,,300,3,,,,3,,,,3,,,300,3
2000,4,5,4,36,1,2,38,5.5,50,GREECE,Europe,CRETE,34.22,25.69,0.5,,,,,,,,,,,,,,,,,,,,,,,,,,,,
2000,5,4,4,21,1,4,26,7.6,83,INDONESIA,Asia,SULAWESI,-1.105,123.573,6,,,,,,,,,,,,3,,,,,,,264,3,46,1,30,4,,,10000,4
2000,6,18,14,44,1,4,10,7.9,60,AUSTRALIA,Australia,SOUTH INDIAN OCEAN,-13.802,97.453,0.3,,,,,,,,,,,,,,,,,,,,,,,,,,,,
2000,7,1,7,1,1,4,10,6.1,85,JAPAN,Asia,"KOZU-SHIMA ISLAND, HONSHU",34.221,139.131,0.07,,,,,,,,,,,,,,,,,,,,3,1,1,,1,,,,
2000,7,15,1,30,1,4,10,6.1,85,JAPAN,Asia,HONSHU: S COAST,34.319,139.26,0.07,,,,,,,,,,,,,,,,,,,10,1,,,,1,20,1,,
2000,7,30,12,25,1,4,10,6.5,85,JAPAN,Asia,HONSHU: S COAST,33.901,139.376,0.14,,,,,,,,,,,,,,,,,,,1,1,,,,1,,,,
2000,11,4,19,30,8,1,0,,88,USA,North America,"POINT ARGUELLO, S. CALIFORNIA",34.5,-120.65,4.6,,,,,,,,,,,,,,,,,,,,,,,,,,,,
2000,11,16,4,54,1,4,33,8,82,PAPUA NEW GUINEA,Oceania,BISMARCK SEA,-3.98,152.169,3,,,,,,,,,,,,2,,,,,,,,,2,1,,2,,,,3
2000,11,21,18,4,8,4,,,72,GREENLAND,Europe,PAATUUT (WEST GREENLAND),70.25,-52.75,50,,,,,,,,,,,,,,,,,,,,,,,,,,,,
2001,1,13,17,33,1,3,60,7.7,88,EL SALVADOR,South America,EL SALVADOR,13.049,-88.66,0.25,,,,,,,,,,,,,,,,,,,4723,4,844,3,753,4,169632,4,108226,4
2001,6,23,20,33,1,4,33,8.4,89,PERU,South America,S. PERU,-16.265,-73.641,8.8,,,,2,,,70,2,26,1,,4,,,2000,4,138,3,2713,4,103,3,200,4,,,25399,4
2001,10,12,5,2,1,4,20,6.1,88,CANADA,North America,QUEEN CHARLOTTE ISLANDS,52.63,-132.2,0.11,,,,,,,,,,,,,,,,,,,,,,,,,,,,
2001,12,18,4,2,1,4,14,6.8,84,TAIWAN,Asia,TAIWAN,23.954,122.734,0.12,,,,,,,,,,,,,,,,,,,,,,,,,,,,
2002,1,2,17,22,1,4,21,7.2,82,VANUATU,Oceania,VANUATU ISLANDS,-17.6,167.856,3,,-4.64,-4.14,,,,,,,,,,,,,,,,,2,,,,1,,2,,
2002,3,5,21,16,1,4,31,7.5,84,PHILIPPINES,Asia,"MINDANAO ISLAND, PHILIPPINES",6.033,124.249,3,,,,,,,,,,,,1,,,,,,,100,2,15,1,1.714,2,800,3,,
2002,3,26,3,45,1,3,33,6.4,85,JAPAN,Asia,JAPAN,23.346,124.09,0.05,,,,,,,,,,,,,,,,,,,,,,,,,,,,
2002,3,31,6,52,1,4,33,7.1,84,TAIWAN,Asia,TAIWAN,24.279,122.179,0.2,,,,,,,,,,,,,,,,,,,200,3,5,1,,2,,,100,2
2002,9,8,18,44,1,4,13,7.6,82,PAPUA NEW GUINEA,Oceania,BISMARCK SEA,-3.302,142.945,5.5,,0.58,1.08,2,,,,,,,,,,,,,,,70,2,4,1,,3,,,,
2002,9,13,22,28,1,4,21,6.5,60,INDIA,Asia,"ANDAMAN ISLANDS, INDIA",13.036,93.068,,,,,,,,,,,,,1,,1,,,,,,,2,1,,2,,1,40,1
2002,10,10,10,50,1,1,10,7.6,83,INDONESIA,Asia,IRIAN JAYA,-1.757,134.297,5,,2.32,2.82,,,,,,,,,,,,,,,,632,3,8,1,,3,900,3,1000,3
2002,11,4,,,8,3,,,81,NEW ZEALAND,Australia,ALBERT TOWN,-44.7,169.2,,,,,,,,,,,,,,,,,,,,,,,,,,,,,
2002,12,30,13,15,7,4,,,50,ITALY,Europe,STROMBOLI ISLAND,38.789,15.213,10.9,,,5,,,2,,,,,,2,,2,,,,,,2,,,,2,,2,,
2003,1,20,8,43,1,4,33,7.3,82,SOLOMON ISLANDS,Asia,SOLOMON ISLANDS,-10.491,160.77,2,,,,,,,,,,,,,,,,,,,,,,,,,,,,
2003,1,22,2,6,1,4,24,7.5,88,MEXICO,South America,S. MEXICO,18.77,-104.104,0.61,,,0.5,,,,,,,,,,,,,,,,300,3,29,1,,3,6615,4,2005,4
2003,5,21,18,44,1,4,12,6.8,50,ALGERIA,Africa,N. ALGERIA,36.964,3.634,3,,1,1.5,,,,,,,,,2,,,,3,,,10261,4,2266,4,5000,4,,,43000,4
2003,5,27,17,11,1,4,8,5.7,50,ALGERIA,Africa,ALGIERS,36.939,3.578,0.08,,,,,,,,,,,,,,,,,,,200,3,9,1,,2,,,,3
2003,7,12,,,6,4,,,74,MONTSERRAT,North America,SOUFRIERE HILLS VOLCANO,16.722,-62.18,4,,,,,,,,,,,,1,,,,,,,,,,,,1,,,,
2003,8,21,12,12,3,4,28,7.2,81,NEW ZEALAND,Australia,SOUTH ISLAND,-45.104,167.144,0.15,,,,,,,,,,,,,,,,,,,,,,,,1,,,,
2003,9,25,19,50,1,4,27,8.3,85,JAPAN,Asia,HOKKAIDO ISLAND,41.815,143.91,4.4,,,,2,,,,,,,,,,,,,,,755,3,,,90,4,,,,
2003,10,31,1,6,1,4,10,7,85,JAPAN,Asia,E. HONSHU ISLAND,37.812,142.619,0.32,,,,,,,,,,,,,,,,,,,,,,,,,,,,
2003,11,17,6,43,1,4,33,7.8,87,USA,North America,"RAT ISLANDS, ALEUTIAN ISLANDS, AK",51.146,178.65,0.33,,,,4,,,,,,,,,,,,,,,,,,,,1,,,,
2003,12,27,4,55,1,4,10,6.1,82,NEW CALEDONIA,Oceania,LOYALTY ISLANDS,-22.107,169.35,0.15,,,,,,,,,,,,,,,,,,,,,,,,,,,,
2004,1,28,22,15,1,4,17,6.7,83,INDONESIA,Asia,SERAM ISLAND,-3.12,127.4,,,,,4,,,,,,,,,,,,,,,,,,,,,,,,
2004,2,11,8,15,1,4,27,5.3,50,JORDAN,Asia,DEAD SEA,31.675,35.551,1,,,,,,,,,,,,,,,,,,,4,1,,,,2,,2,,
2004,9,5,10,7,1,4,14,7.2,85,JAPAN,Asia,SOUTH COAST HONSHU ISLAND,33.07,136.618,0.63,,,,4,,,,,,,,,,,,,,,4,1,,,,1,,,,
2004,9,5,14,57,1,4,10,7.4,85,JAPAN,Asia,SOUTH COAST HONSHU ISLAND,33.184,137.071,0.93,,,,4,,,,,,,,,,,,,,,40,1,,,,1,,,,
2004,11,2,10,2,1,4,10,6.6,88,CANADA,North America,VANCOUVER ISLAND,49.277,-128.772,0.06,,,,,,,,,,,,,,,,,,,,,,,,,,,,
2004,11,11,21,26,1,4,10,7.5,60,INDONESIA,Asia,KEPULAUAN ALOR,-8.152,124.868,,,,,,,,,,,,,1,1,1,,,,,400,3,34,1,,3,16712,4,781,3
2004,11,21,11,41,1,4,14,6.3,74,GUADELOUPE (FRENCH TERRITORY),North America,"BASSE-TERRE, LES SAINTES",15.679,-61.706,0.7,,,,,,,,,,,,,,,,,,,,,,,,,,,,
2004,11,22,20,26,1,4,10,7.1,81,NEW ZEALAND,Australia,PUYSEGUR TRENCH,-46.676,164.721,,,,,,,,,,,,,,,,,,,,,,,,,,,,,
2004,11,28,18,32,1,4,39,7,85,JAPAN,Asia,HOKKAIDO ISLAND,43.006,145.119,0.12,,,,,,,,,,,,,,,,,,,24,1,,,,2,,1,,
2004,12,23,14,59,1,4,10,8.1,81,AUSTRALIA,Australia,MACQUARIE ISLAND,-49.312,161.345,0.3,,,,,,,,,,,,,,,,,,,,,,,,,,,,
2004,12,26,0,58,1,4,30,9.1,60,INDONESIA,Asia,OFF W. COAST OF SUMATRA,3.316,95.854,50.9,,,,4,,3,,,227899,4,10000,4,,,,3,,,,3,227899,4,10000,4,,,,3
2005,1,19,6,11,1,4,28,6.6,85,JAPAN,Asia,E. HONSHU ISLAND,34.064,141.491,0.39,,,,,,,,,,,,,,,,,,,,,,,,,,,,
2005,2,14,18,5,1,3,12,5.8,74,GUADELOUPE (FRENCH TERRITORY),North America,DOMINICA PASSAGE,15.775,-61.744,,,,,,,,,,,,,,,,,,,,,,,,,,,,,
2005,3,28,16,9,1,4,30,8.7,60,INDONESIA,Asia,INDONESIA,2.085,97.108,4.2,,,,,,,,,10,1,,1,,,,,,,340,3,1313,4,,4,,,300,3
2005,4,10,10,29,1,4,19,6.7,60,INDONESIA,Asia,KEPULAUAN MENTAWAI,-1.644,99.607,0.4,,,,,,,,,,,,,,,,,,,,,,,,,,,,
2005,6,15,2,50,1,4,10,7.2,88,USA,North America,N. CALIFORNIA,41.301,-125.97,0.1,,,,4,,,,,,,,,,,,,,,,,,,,,,,,
2005,8,16,2,46,1,4,36,7.2,85,JAPAN,Asia,E. COAST HONSHU ISLAND,38.276,142.039,0.05,,,,3,,,,,,,,,,,,,,,56,2,,,,1,,,1,1
2005,11,14,21,38,1,4,11,7,85,JAPAN,Asia,E. COAST HONSHU ISLAND,38.107,144.896,0.42,,,,,,,,,,,,,,,,,,,,,,,,,,,,
2005,12,9,1,57,9,4,,,88,CANADA,North America,BRITISH COLUMBIA,,,0.08,,,,,,,,,,,,,,,,,,,,,,,,,,,,
2006,1,16,,,8,0,,,88,USA,North America,"COLUMBIA RIVER VALLEY, WA",,,9,,,,,,,,,,,,1,,,,,,,,,,,,1,,,,
2006,3,14,6,57,1,4,30,6.7,83,INDONESIA,Asia,SERAM ISLAND,-3.595,127.214,3.5,,,,,,,,,4,1,,2,,,241,3,,,,,4,1,1,2,,,241,3
2006,5,3,15,26,1,4,55,8,81,TONGA,Oceania,TONGA,-20.187,-174.123,0.27,,,,2,,,,,,,,,,,,,,,1,1,,,,1,,,,
2006,5,20,11,20,6,4,,,74,MONTSERRAT,North America,SOUFRIERE HILLS VOLCANO,16.722,-62.18,1,,,,4,,,,,,,,,,,,,,,,,,,,,,,,
2006,7,17,8,19,1,4,34,7.7,60,INDONESIA,Asia,SOUTH OF JAVA,-9.254,107.411,20.9,,,,,498,3,,,802,3,55,4,,,1623,4,,,498,3,802,3,55,4,,,1623,4
2006,9,28,6,22,1,4,28,6.9,81,SAMOA,Oceania,SAMOA ISLANDS,-16.592,-172.033,0.08,,,,4,,,,,,,,,,,,,,,,,,,,,,,,
2006,10,15,17,7,1,4,39,6.7,80,USA,North America,HAWAII,19.878,-155.935,0.1,,,,4,,,,,,,,,,,,,,,,3,,,,2,,,,
2006,11,15,11,14,1,4,10,8.3,86,RUSSIA,Europe,S. KURIL ISLANDS,46.592,153.266,21.9,,,,1,1,1,,,,,,2,,,,,,,1,1,,,,2,,,,
2006,12,26,12,26,1,4,10,7,84,CHINA,Asia,TAIWAN,21.799,120.547,0.07,,,,,,,,,,,,,,,,,,,40,1,2,1,,1,,,,2
2007,1,13,4,23,1,4,10,8.1,86,RUSSIA,Europe,S. KURIL ISLANDS,46.243,154.524,0.4,,,,2,,,,,,,,,,,,,,,,,,,,,,,,
2007,3,25,0,40,1,4,34,7.1,82,VANUATU,Oceania,VANUATU ISLANDS,-20.617,169.357,0.08,,,,,,,,,,,,,,,,,,,,,,,,,,,,
2007,3,25,0,41,1,4,8,6.7,85,JAPAN,Asia,HONSHU: W COAST,37.336,136.588,0.1,,,,3,,,,,,,,,,,,,,,150,3,1,1,,3,,,513,3
2007,4,1,20,39,1,4,10,8.1,82,SOLOMON ISLANDS,Asia,SOLOMON ISLANDS,-8.46,157.044,12.1,,,,1,,,,,52,2,,3,,,2500,4,,,,,54,2,,3,500,3,2500,4
2007,4,21,17,53,3,4,,6.2,89,CHILE,South America,SOUTHERN CHILE,-45.285,-72.606,7.6,,,,,,,,,10,1,,1,,,,,,,,,10,1,,1,2,1,,
2007,5,7,,,8,2,,,40,BULGARIA,Europe,BLACK SEA,43,29,3,,,,,,,,,,,,,,,,,,,,,,,,,,,,
2007,7,16,1,13,1,4,10,6.6,85,JAPAN,Asia,HONSHU: W COAST,37.57,138.478,,,,,4,,,,,,,,,,,,,,,1088,4,9,1,,3,,,875,3
2007,8,2,2,37,1,4,5,6.2,86,RUSSIA,Europe,TATAR STRAIT,47.116,141.798,0.19,,,,4,,,,,,,,,,,,,,,12,1,2,1,,1,20,1,11,1
2007,8,2,3,21,1,4,21,6.7,87,USA,North America,"ALEUTIAN ISLANDS, AK",51.307,-179.971,0.03,,,,4,,,,,,,,,,,,,,,,,,,,,,,,
2007,8,15,23,40,1,4,39,8,89,PERU,South America,S. PERU,-13.386,-76.603,10.05,,,,1,,,,,3,1,,1,,,,1,,,1090,4,514,3,,4,,,39700,4
2007,9,2,1,5,1,4,35,7.2,82,SOLOMON ISLANDS,Oceania,SANTA CRUZ ISLANDS,-11.61,165.762,0.05,,,,,,,,,,,,,,,,,,,,,,,,,,,,
2007,9,12,11,10,1,4,34,8.4,60,INDONESIA,Asia,SUMATRA,-4.438,101.367,5,,,,,,,,,,,,1,,2,,,,,161,3,25,1,,3,,,56425,4
2007,9,30,5,23,1,4,10,7.4,81,NEW ZEALAND,Australia,AUCKLAND ISLANDS,-49.418,163.954,0.25,,,,4,,,,,,,,,,,,,,,,,,,,,,,,
2007,11,14,15,40,1,4,40,7.7,89,CHILE,South America,NORTHERN CHILE,-22.247,-69.89,0.28,,,,2,,,,,,,,,,,,,,,65,2,2,1,,3,,,,4
2007,11,29,19,0,1,4,156,7.4,74,MARTINIQUE (FRENCH TERRITORY),North America,,14.944,-61.274,,,,,,,,,,,,,,,,,,,,,,,,,,,,,
2007,12,3,,,8,4,,,88,CANADA,North America,"CHEHALIS LAKE, CHILLIWACK",49.475,-121.847,2,,,,,,,,,,,,1,,,,,,,,,,,,1,,,,
2007,12,9,7,28,1,4,153,7.8,81,KERMADEC ISLANDS,Oceania,KERMADEC ISLANDS,-25.996,-177.514,0.03,,,,,,,,,,,,,,,,,,,,,,,,,,,,
2008,2,25,8,36,1,4,25,6.5,60,INDONESIA,Asia,SUMATRA,-2.486,99.972,0.12,,,,,,,,,,,,,,,,,,,,,,,,1,,2,,
2008,4,9,12,46,1,4,35,7.3,82,NEW CALEDONIA,Asia,LOYALTY ISLANDS,-20.071,168.892,0.16,,,,,,,,,,,,,,,,,,,,,,,,,,,,
2008,4,28,18,33,1,1,32,6.4,82,VANUATU,Oceania,VANUATU ISLANDS,-19.941,168.953,0.03,,,,,,,,,,,,,,,,,,,,,,,,,,,,
2008,5,12,6,28,1,0,19,7.9,84,CHINA,Asia,SICHUAN PROVINCE,31.002,103.322,,,,,,,,,,,,,,,,,,,,374171,4,87652,4,86000,4,,,5360000,4
2008,7,19,2,39,1,4,22,6.9,85,JAPAN,Asia,OFF EAST COAST OF HONSHU ISLAND,37.552,142.214,0.2,,,,,,,,,,,,,,,,,,,,,,,,,,,,
2008,8,8,,,6,4,,,87,USA,North America,"KASATOCHI VOLCANO, ALEUTIAN IS, AK",52.18,-175.5,0.19,,,,0,,,,,,,,,,,,,,,,,,,,,,,,
2008,8,26,8,7,1,1,10,5,77,ATLANTIC OCEAN,South America,SOUTHERN ATLANTIC OCEAN,-52.533,26.417,,,,,0,,,,,,,,1,,,,,,,,,,,,1,,,,
2008,9,11,0,20,1,4,25,6.8,85,JAPAN,Asia,HOKKAIDO ISLAND,41.892,143.754,0.09,,,,4,,,,,,,,,,,,,,,77,2,6,1,,3,1000,3,,
2008,10,28,,,9,3,,,75,USA,North America,MAINE,43.8,-69.7,2,,,,,,,,,,,0.02,1,,,,,,,,,,,0.02,1,,,,
2008,11,16,17,2,1,4,30,7.3,83,INDONESIA,Asia,SULAWESI,1.271,122.091,0.13,,,,,,,,,,,,,,,,,,,77,2,6,1,,3,1000,3,,
2009,1,3,19,43,1,4,17,7.6,83,INDONESIA,Asia,NEAR NORTH COAST,-0.414,132.885,0.39,,,,,,,,,,,,,,,,,,,250,3,5,1,,3,840,3,,
2009,1,3,22,33,1,3,23,7.3,83,INDONESIA,Asia,NEAR NORTH COAST,-0.691,133.305,,,,,,,,,,,,,,,,,,,,,,,,,,,,,
2009,1,15,17,49,1,4,36,7.4,86,RUSSIA,Europe,KAMCHATKA,46.857,155.154,0.11,,,,,,,,,,,,,,,,,,,,,,,,,,,,
2009,2,11,17,34,1,4,22,7.2,83,INDONESIA,Asia,CELEBES SEA,3.884,126.397,0.13,,,,,,,,,,,,,,,,,,,64,2,,,,2,597,3,,
2009,3,19,18,17,1,4,34,7.6,81,TONGA,Oceania,TONGA,-23.046,-174.659,0.15,,,,2,,,,,,,,,,,,,,,,,,,,,,,,
2009,5,28,8,24,1,4,10,7.3,74,HONDURAS,North America,OFF COAST,16.72,-86.236,4,,,,,,,,,,,,,,,,,,,40,1,7,1,,2,25,1,135,3
2009,7,15,9,22,1,4,12,7.8,81,NEW ZEALAND,Australia,OFF WEST COAST OF SOUTH ISLAND,-45.762,166.562,0.47,,,,,,,,,,,,,,,,,,,,,,,,1,,,,
2009,8,10,19,55,1,3,5,7.5,60,INDIA,Asia,ANDAMAN ISLANDS,14.099,92.888,0.01,,,,3,,,,,,,,,,,,,,,,,,,,,,,,
2009,8,10,20,7,1,4,40,6.4,85,JAPAN,Asia,HONSHU: S COAST,34.743,138.264,0.6,,,,4,,,,,,,,,,,,,,,123,3,1,1,,3,,,5192,4
2009,8,16,7,38,1,4,20,6.7,60,INDONESIA,Asia,SUMATRA,-1.479,99.49,0.18,,,,,,,,,,,,,,,,,,,9,1,,,,,,,,
2009,8,25,,,8,0,,,88,USA,North America,"COLUMBIA RIVER VALLEY, WA",,,,,,,,,,,,,,,1,,,,,,,,,,,,1,,,,
2009,9,29,17,48,1,4,18,8.1,81,SAMOA,Oceania,SAMOA ISLANDS,-15.489,-172.095,22.35,,,,,7,1,,,192,3,285,4,,,,,,,7,1,192,3,285,4,,,,
2009,9,30,10,16,1,4,81,7.5,60,INDONESIA,Asia,SUMATRA,-0.72,99.867,0.27,,,,,,,,,,,,,,,,,,,1214,4,1117,4,2200,4,181665,4,,3
2009,10,7,22,3,1,4,45,7.6,82,VANUATU,Oceania,VANUATU ISLANDS,-13.006,166.51,0.31,,,,,,,,,,,,,,,,,,,,,,,,,,,,
2010,1,3,21,48,1,4,26,6.6,82,SOLOMON ISLANDS,Oceania,SOLOMON ISLANDS,-8.743,157.477,0.01,,,,,,,,,,,,,,,,,,,,,,,,,,,,
2010,1,3,22,36,1,4,25,7.1,82,SOLOMON ISLANDS,Oceania,SOLOMON ISLANDS,-8.799,157.346,3,,,,,,,,,,,,1,,,,1,,,,,,,,1,60,2,16,1
2010,1,5,12,15,1,4,15,6.8,82,SOLOMON ISLANDS,Asia,SOLOMON ISLANDS,-9.019,157.551,0.03,,,,,,,,,,,,,,,,,,,,,,,,,,,,
2010,1,12,21,53,3,4,13,7,74,HAITI,North America,HAITI & DOMINICAN REPUBLIC,18.457,-72.533,3.21,,,,,,,,,7,1,,1,,,,1,,,300000,4,316000,4,8000,4,188383,4,97294,4
2010,2,26,20,31,1,3,25,7,85,JAPAN,Asia,RYUKYU ISLANDS,25.93,128.425,0.1,,,,,,,,,,,,,,,,,,,,,,,,,,,,
2010,2,27,6,34,1,4,23,8.8,89,CHILE,South America,CENTRAL CHILE,-36.122,-72.898,29,,,,,12000,4,,,156,3,30000,4,,,,,,,12000,4,558,3,30000,4,500000,4,,
2010,3,11,14,39,1,4,11,6.9,89,CHILE,South America,CENTRAL CHILE,-34.29,-71.891,0.14,,,,,,,,,,,,,,,,,,,,,,,,1,,,,
2010,4,6,22,15,1,4,31,7.8,60,INDONESIA,Asia,SUMATRA,2.383,97.048,0.44,,,,,,,,,,,,,,,,,,,,,,,,,,,,
2010,4,13,,,0,2,,,81,COOK ISLANDS,Oceania,"MANGAIA ISLAND, COOK ISLANDS",-21.955,-157.92,,,,,,,,,,,,,,,,,,,,,,,,,,,,,
2010,4,13,,,8,0,,,89,PERU,South America,"513 LAKE, HUALCAN GLACIER",-9.282,-77.645,23,,,,,,,,,1,1,,1,,,50,1,,,,,1,1,,1,,,50,1
2010,5,29,11,46,6,4,,,81,USA TERRITORY,North America,"SOUTH OF SARIGAN IS, N. MARIANA IS",16.708,145.97,0.04,,,,,,,,,,,,,,,,,,,,,,,,,,,,
2010,6,12,19,26,1,4,35,7.5,60,INDIA,Asia,LITTLE NICOBAR ISLAND,7.881,91.936,0.03,,,,,,,,,,,,,,,,,,,,,,,,,,,,
2010,8,10,5,23,1,4,25,7.2,82,VANUATU,Oceania,VANUATU ISLANDS,-17.541,168.069,0.23,,,,,,,,,,,,,,,,,,,,,,,,,,,,
2010,8,13,21,19,1,4,10,6.9,81,USA TERRITORY,North America,"GUAM, MARIANA ISLANDS",12.484,141.476,0.07,,,,,,,,,,,,,,,,,,,,,,,,,,,,
2010,10,25,14,42,1,4,20,7.8,60,INDONESIA,Asia,SUMATRA,-3.487,100.082,16.9,,,,,,,,,431,3,39,4,,,700,3,,,,,431,3,39,4,,,700,3
2010,12,21,17,19,1,4,14,7.4,85,JAPAN,Asia,BONIN ISLANDS,26.901,143.698,0.13,,,,,,,,,,,,,,,,,,,,,,,,,,,,
2010,12,25,13,16,1,4,16,7.3,82,VANUATU,Oceania,VANUATU ISLANDS,-19.702,167.947,0.15,,,,,,,,,,,,,,,,,,,,,,,,,,,,
2011,1,9,10,3,1,4,24,6.5,82,VANUATU,Oceania,VANUATU ISLANDS,-19.157,168.311,0.03,,,,,,,,,,,,,,,,,,,,,,,,,,,,
2011,2,11,20,5,1,4,28,6.8,89,CHILE,South America,CENTRAL CHILE,-36.474,-73.125,0.15,,,,4,,,,,,,,,,,,,,,,,,,,,,,,
2011,2,21,23,51,1,2,6,6.1,81,NEW ZEALAND,Australia,SOUTH ISLAND,-43.583,172.68,,,,,,,,,,,,,,,,,,,,,,,,,,,,,
2011,3,9,2,45,1,4,32,7.5,85,JAPAN,Asia,HONSHU ISLAND,38.435,142.842,0.6,,,,,,,,,,,,,,,,,,,,,,,,,,,,
2011,3,11,5,46,1,4,30,9.1,85,JAPAN,Asia,HONSHU ISLAND,38.297,142.372,38.9,,,,,6152,4,,,18453,4,220085.456,4,273796,4,127511,4,,,6152,4,18453,4,220085.456,4,273796,4,127511,4
2011,4,7,14,32,1,4,42,7.1,85,JAPAN,Asia,E. COAST HONSHU ISLAND,38.276,141.588,0.08,,,,,,,,,,,,,,,,,,,132,3,3,1,,1,,,,
2011,6,24,3,9,1,4,52,7.3,87,USA,North America,"ATKA, ALEUTIAN ISLANDS, AK",52.05,-171.836,0.1,,,,,,,,,,,,,,,,,,,,,,,,,,,,
2011,6,27,,,9,2,,,73,UK,Europe,"PLYMOUTH, ENGLAND",50.5,-3,0.4,,,,,,,,,,,,,,,,,,,,,,,,,,,,
2011,7,6,19,3,1,4,17,7.6,81,NEW ZEALAND,Australia,KERMADEC ISLANDS,-29.539,-176.34,1.2,,,,,,,,,,,,,,,,,,,,,,,,,,,,
2011,7,10,0,57,1,4,23,7,85,JAPAN,Asia,OFF EAST COAST OF HONSHU ISLAND,38.034,143.264,0.09,,,,,,,,,,,,,,,,,,,,,,,,,,,,
2011,7,30,5,30,8,3,,,73,NORWAY,Europe,"LYSEFJOREN, WESTERN NORWAY",59.05,6.64,,,,,,,,,,,,,1,,,,,,,,,,,,1,,,,
2011,8,6,12,55,8,3,,,73,NORWAY,Europe,"LYSEFJOREN, WESTERN NORWAY",59.05,6.64,,,,,,,,,,,,,,,,,,,,,,,,,,,,,
2011,8,20,16,55,1,4,32,7.1,82,VANUATU,Oceania,VANUATU ISLANDS,-18.365,168.143,0.18,,,,,,,,,,,,,,,,,,,,,,,,,,,,
2011,8,20,18,19,1,4,28,7,82,VANUATU,Oceania,VANUATU ISLANDS,-18.311,168.218,0.18,,,,,,,,,,,,,,,,,,,,,,,,,,,,
2011,9,2,10,55,1,4,32,6.8,87,USA,North America,"FOX ISLANDS, ALEUTIAN ISLANDS, AK",52.171,-171.708,0.06,,,,,,,,,,,,,,,,,,,,,,,,,,,,
2011,10,21,17,57,1,4,33,7.4,81,NEW ZEALAND,Australia,KERMADEC ISLANDS,-28.993,-176.238,0.14,,,,,,,,,,,,,,,,,,,,,,,,,,,,
2012,2,2,13,34,1,4,23,7,82,VANUATU,Oceania,VANUATU ISLANDS,-17.827,167.133,0.08,,,,,,,,,,,,,,,,,,,,,,,,,,,,
2012,3,14,9,8,1,4,12,6.9,85,JAPAN,Asia,HOKKAIDO ISLAND,40.887,144.944,0.2,,,,,,,,,,,,,,,,,,,,,,,,,,,,
2012,3,20,18,2,1,4,20,7.4,88,MEXICO,South America,S. MEXICO,16.493,-98.231,0.2,,,,,,,,,,,,,,,,,,,13,1,2,1,,3,,,800,3
2012,4,11,8,38,1,4,20,8.6,60,INDONESIA,Asia,OFF W. COAST OF N SUMATRA,2.327,93.063,,,,,,,,,,,,,,,,,,,,12,1,10,1,,1,,2,,
2012,4,11,10,43,1,4,25,8.2,60,INDONESIA,Asia,OFF W. COAST OF N SUMATRA,0.802,92.463,,,,,,,,,,,,,,,,,,,,,,,,,,,,,
2012,4,14,22,5,1,4,11,6.3,82,VANUATU,Oceania,VANUATU ISLANDS,-18.972,168.741,,,,,,,,,,,,,,,,,,,,,,,,,,,,,
2012,7,15,,,8,4,,,72,GREENLAND,Europe,ILULISSAT ICEFJORD,69.2,-51.3,,,,,,,,,,,,,,,,,,,,,,,,,,,,,
2012,8,27,4,37,1,4,28,7.3,88,NICARAGUA,North America,OFF THE COAST,12.139,-88.59,0.36,,,,2,,,,,,,,,,,,,,,,,,,,,,,,
2012,8,31,12,47,1,4,28,7.6,84,PHILIPPINES,Asia,PHILIPPINE ISLANDS,10.811,126.638,0.15,,,,2,,,,,,,,,,,,,,,1,1,1,1,0.3,1,,,,1
2012,9,5,14,42,1,4,35,7.6,88,COSTA RICA,South America,COSTA RICA,10.085,-85.315,0.16,,,,2,,,,,,,,,,,,,,,20,1,2,1,,1,,,,2
2012,10,28,3,4,1,4,14,7.7,88,CANADA,North America,BRITISH COLUMBIA,52.788,-132.101,12.98,,,,2,,,,,1,1,,,,,,,,,,,1,1,,,,,,
2012,11,7,16,35,1,4,24,7.3,88,GUATEMALA,North America,GUATEMALA,13.988,-91.895,0.35,,,,,,,,,,,,,,,,,,,155,3,48,2,,3,7561,4,2769,4
2012,12,7,8,18,1,4,31,7.2,85,JAPAN,Asia,OFF EAST COAST OF HONSHU ISLAND,37.89,143.949,1,,,,3,,,,,,,,,,,,,,,11,1,,,,,,,,
2012,12,28,,,8,0,,,84,CHINA,Asia,"ZHAOJUN BRIDGE, HUBEI PROVINCE",31.256,110.733,,,,,,,,,,,,,,,,,,,,,,,,,,,,,
2013,1,5,8,58,1,4,10,7.5,87,USA,North America,"SE. ALASKA, AK",55.393,-134.652,1.5,,,,,,,,,,,,1,,,,,,,,,,,,1,,,,
2013,2,6,1,12,1,4,24,7.9,82,SOLOMON ISLANDS,Oceania,SANTA CRUZ ISLANDS,-10.766,165.114,11,,,,2,15,1,,,10,1,,2,478,3,588,3,,,15,1,10,1,,2,478,3,588,3
2013,2,8,15,26,1,4,21,7,82,SOLOMON ISLANDS,Oceania,SANTA CRUZ ISLANDS,-10.928,166.018,,,,,,,,,,,,,,,,,,,,,,,,,,,,,
2013,4,19,3,5,1,2,110,7.2,86,RUSSIA,Europe,S. KURIL ISLANDS,46.221,150.788,0.2,,,,,,,,,,,,,,,,,,,,,,,,,,,,
2013,6,13,,,9,4,,,75,USA,North America,NORTHWEST ATLANTIC OCEAN,,,1.8,,,,,2,1,,,,,,,,,,,,,2,1,,,,,,,,
2013,7,21,5,9,1,4,17,6.5,81,NEW ZEALAND,Australia,COOK STRAIT,-41.704,174.337,0.07,,,,,,,,,,,,,,,,,,,5,1,,,,1,35,1,,
2013,8,16,2,31,1,4,10,6.5,81,NEW ZEALAND,Australia,WELLINGTON,-41.767,174.061,,,,,,,,,,,,,,,,,,,,,,,,,1,,2,,
2013,9,24,,,5,4,47,,60,PAKISTAN,Asia,OFF COAST GWADAR,25.18,62.26,0.26,,,,,,,,,,,,,,,,,,,816,3,386,3,,4,14118,4,32638,4
2013,10,25,17,10,1,4,26,7.1,85,JAPAN,Asia,E. COAST HONSHU ISLAND,37.149,144.679,0.4,,,,,,,,,,,,,,,,,,,,,,,,,,,,
2013,11,17,9,4,1,4,10,7.8,71,ANTARCTICA,Antarctica,SCOTIA SEA,-60.296,-46.362,0.15,,,,,,,,,,,,,,,,,,,,,,,,,,,,
2014,3,16,21,16,1,4,20,6.7,89,CHILE,South America,NORTHERN CHILE,-19.925,-70.628,,,,,,,,,,,,,,,,,,,,,,,,,1,,,,
2014,4,1,23,46,1,4,20,8.2,89,CHILE,South America,NORTHERN CHILE,-19.642,-70.817,4.4,,,,,,,,,,,,1,,,,,,,,,,,,1,,,,
2014,4,3,2,43,1,4,40,7.6,89,CHILE,South America,NORTHERN CHILE,-20.4,-70.135,,,,,,,,,,,,,,,,,,,,,,,,,,,,,
2014,4,12,20,14,1,4,29,7.6,82,SOLOMON ISLANDS,Oceania,SOLOMON ISLANDS,-11.315,162.211,,,,,1,,,,,,,,,,,,,,,,,,,,,,,,
2014,4,13,12,36,1,4,35,7.4,82,SOLOMON ISLANDS,Oceania,SOLOMON ISLANDS,-11.451,162.069,,,,,1,,,,,,,,,,,,,,,,,,,,,,,,
2014,4,18,14,27,1,4,24,7.2,88,MEXICO,South America,GREYMOUTH,17.552,-100.816,,,,,,,,,,,,,,,,,,,,,,,,,1,127,2,,
2014,4,19,13,27,1,4,31,7.5,82,PAPUA NEW GUINEA,Oceania,SOLOMON SEA,-6.72,154.931,,,,,,,,,,,,,,,,,,,,,,,,,,,,,
2014,6,23,19,19,1,4,20,6.9,81,NEW ZEALAND,Australia,"S OF RAOUL ISLAND, KERMADEC ISLANDS",-30.118,-177.67,0.13,,,,,,,,,,,,,,,,,,,,,,,,,,,,
2014,6,23,20,53,1,4,108,7.9,87,USA,North America,"ALEUTIAN ISLANDS, AK",51.797,178.76,0.17,,,,,,,,,,,,,,,,,,,,,,,,,,,,
2014,7,11,19,21,1,4,11,6.5,85,JAPAN,Asia,SANRIKU,37.04,142.425,0.2,,,,,,,,,,,,,,,,,,,,,,,,,,,,
2014,7,25,10,54,1,4,10,6.1,87,USA,North America,"PALMA BAY, AK",58.358,-137.13,0.08,,,,,,,,,,,,,,,,,,,,,,,,,,,,
2014,10,9,2,14,1,4,16,7.1,89,CHILE,South America,EASTER ISLAND REGION,-32.115,-110.779,,,,,,,,,,,,,,,,,,,,,,,,,,,,,
2014,10,14,3,51,1,4,40,7.3,88,EL SALVADOR,South America,GULF OF FONSECA,12.526,-88.123,,,,,,,,,,,,,,,,,,,,,,1,1,,1,41,1,5,1
2014,11,15,2,31,1,3,35,7.1,83,INDONESIA,Asia,N. MOLUCCAS ISLANDS,1.928,126.54,0.09,,,,,,,,,,,,,,,,,,,,,,,,,,,,
2015,2,16,23,6,1,4,23,6.7,85,JAPAN,Asia,HONSHU,39.83,142.89,,,,,,,,,,,,,,,,,,,,,,,,,,,,,
2015,2,19,13,18,1,4,10,6.4,82,VANUATU,Oceania,VANUATU ISLANDS,-16.431,168.148,,,,,,,,,,,,,1,,,,,,,,,,,,1,,,,
2015,3,29,23,48,1,4,40,7.5,82,PAPUA NEW GUINEA,Oceania,BISMARCK SEA,-4.76,152.556,0.5,,,,,,,,,,,,,,,,,,,,,,,,,,,,
2015,5,2,16,50,1,3,33,5.7,85,JAPAN,Asia,S. OF HONSHU ISLAND,31.594,140.167,0.5,,,,3,,,,,,,,,,,,,,,,,,,,,,,,
2015,5,5,1,44,1,3,42,7.5,82,PAPUA NEW GUINEA,Oceania,NEW BRITAIN,-5.465,151.886,,,,,4,,,,,,,,,,,,,,,,,,,,,,,,
2015,7,1,,,9,3,,,73,SCOTLAND,Europe,NORTH SEA,,,0.18,,,,,,,,,,,,,,,,,,,,,,,,,,,,
2015,7,10,4,12,1,4,12,6.7,82,SOLOMON ISLANDS,Oceania,SOLOMON ISLANDS,-9.303,158.396,0.01,,,,,,,,,,,,,,,,,,,,,,,,,,,,
2015,7,18,2,27,1,4,10,7,82,SOLOMON ISLANDS,Oceania,SANTA CRUZ ISLANDS,-10.444,165.172,0.09,,,,,,,,,,,,,,,,,,,,,,,,,,,,
2015,7,27,4,49,1,4,29,6.9,87,USA,North America,"FOX ISLANDS, ALEUTIAN ISLANDS, AK",52.736,-169.446,0.08,,,,,,,,,,,,,,,,,,,,,,,,,,,,
2015,9,16,22,54,1,4,22,8.3,89,CHILE,South America,CENTRAL CHILE,-31.573,-71.674,13.6,,8.4,,,,,,,8,1,,1,,,,,1,1,14,1,15,1,600,4,10044,4,2305,4
2015,10,18,5,19,8,4,,,87,USA,North America,"ICY BAY, AK",60.08,-141.3,190,,,,,,,,,,,,,,,,,,,,,,,,,,,,
2015,11,11,1,54,1,4,10,6.9,89,CHILE,South America,CENTRAL CHILE,-29.439,-72.105,0.55,,,,,,,,,,,,,,,,,,,,,,,,,,,,
2015,11,13,20,51,1,4,12,6.7,85,JAPAN,Asia,JAPAN,30.991,128.877,0.3,,,,,,,,,,,,,,,,,,,,,,,,,,,,
2015,11,17,7,10,3,4,11,6.5,50,GREECE,Europe,IONIAN SEA,38.755,20.552,0.15,,,,,,,,,,,,,,,,,,,4,1,2,1,,2,,2,1,1
2016,3,2,12,49,1,4,24,7.8,60,INDONESIA,Asia,SW. SUMATRA,-4.908,94.275,0.21,,,,3,,,,,,,,,,,,,,,,,,1,,,,,,
2016,4,16,23,58,1,4,21,7.8,89,ECUADOR,South America,OFF COAST,0.382,-79.922,0.14,,,,,,,,,,,,,,,,,9,1,6274,4,662,3,,,2740,4,6998,4
2016,4,28,19,33,1,3,27,7,82,VANUATU,Oceania,VANUATU ISLANDS,-16.074,167.393,0.02,,,,,,,,,,,,,,,,,,,,,,,,,,,,
2016,8,12,1,26,1,4,10,7.2,82,NEW CALEDONIA,Oceania,LOYALTY ISLANDS,-22.495,173.111,0.19,,,,,,,,,,,,,,,,,,,,,,,,,,,,
2016,8,19,7,32,1,,10,7.4,71,UK TERRITORY,Oceania,SOUTHERN ATLANTIC OCEAN,-55.279,-31.874,0.1,,,,,,,,,,,,,,,,,,,,,,,,,,,,
2016,9,1,16,37,1,4,19,7.1,81,NEW ZEALAND,Australia,GISBORNE,-37.401,179.055,0.21,,,,4,,,,,,,,,,,,,,,,,,,,,,,,
2016,11,13,11,2,1,4,,7.8,81,NEW ZEALAND,Australia,OFF EAST COAST OF SOUTH ISLAND,-42.757,173.077,4.1,,,,,,,,,,,,1,,,1,1,,,,,2,1,,2,,1,1,1
2016,11,21,20,59,1,4,11,6.9,85,JAPAN,Asia,E. COAST HONSHU ISLAND,37.392,141.403,,,,,,,,,,,,,1,,,,,,,,1,,,,1,,,,
2016,11,24,18,43,1,4,10,7,88,NICARAGUA,North America,NICARAGUA,11.96,-88.835,,,,,,,,,,,,,,,,,,,,,,,,,,,,,
2016,12,8,17,38,1,4,41,7.8,82,SOLOMON ISLANDS,Oceania,SOLOMON ISLANDS,-10.665,161.335,,,,,,,,,,,,,,,,,,,,,,1,1,,1,126,3,191,3
2016,12,9,19,10,1,4,21,6.9,82,SOLOMON ISLANDS,Oceania,SOLOMON ISLANDS,-10.73,161.107,,,,,,,,,,,,,,,,,,,,,,,,,,,,,
2016,12,17,10,51,1,4,103,7.9,82,PAPUA NEW GUINEA,Oceania,SOLOMON SEA,-4.509,153.45,,,,,,,,,,,,,,,,,,,,,,,,,,,,,
2016,12,25,14,22,1,4,35,7.6,89,CHILE,South America,SOUTHERN CHILE,-43.416,-73.88,,,,,,,,,,,,,,,,,,,,,,,,,1,,,,
2017,1,3,21,5,1,4,17,6.9,81,FIJI,Asia,FIJI ISLANDS,-19.326,176.053,0.01,,,,,,,,,,,,,,,,,,,,,,,,,,,,
2017,1,22,4,30,1,4,136,7.9,82,PAPUA NEW GUINEA,Oceania,BOUGAINVILLE ISLAND,-6.214,55.122,0.04,,,,,,,,,,,,,,,,,,,,,,,,,,,,